{"loss": 1.8101392984390259, "epoch": 300, "_timestamp": 1702423798.8855078, "_runtime": 1422.4798097610474, "_step": 299, "_wandb": {"runtime": 1422}}