{"loss": 0.8130370378494263, "epoch": 300, "_timestamp": 1702433972.7730021, "_runtime": 1449.2151732444763, "_step": 299, "_wandb": {"runtime": 1448}}