{"loss": 0.8048584461212158, "epoch": 300, "_timestamp": 1702420486.099432, "_runtime": 1430.6821460723877, "_step": 299, "_wandb": {"runtime": 1430}}