{"loss": 1.8102456331253052, "epoch": 300, "_timestamp": 1702428217.8304079, "_runtime": 1426.961788892746, "_step": 299, "_wandb": {"runtime": 1426}}