{"loss": 0.961340069770813, "epoch": 300, "_timestamp": 1702435387.9165926, "_runtime": 1404.2364976406097, "_step": 299, "_wandb": {"runtime": 1403}}