{"loss": 0.7918161153793335, "epoch": 300, "_timestamp": 1702431050.055557, "_runtime": 1405.2856159210205, "_step": 299, "_wandb": {"runtime": 1404}}