{"loss": 1.8118771314620972, "epoch": 206, "_timestamp": 1702421428.0886393, "_runtime": 931.5562143325806, "_step": 205}