{"loss": 1.8098335266113281, "epoch": 222, "_timestamp": 1702424791.3966613, "_runtime": 984.0215401649475, "_step": 221, "_wandb": {"runtime": 986}}