{"loss": 0.813783586025238, "epoch": 300, "_timestamp": 1702426772.587873, "_runtime": 1389.6022639274597, "_step": 299, "_wandb": {"runtime": 1389}}