{"loss": 0.8251893520355225, "epoch": 300, "_timestamp": 1702429634.3937767, "_runtime": 1405.5329985618591, "_step": 299, "_wandb": {"runtime": 1405}}