{"loss": 0.7972163558006287, "epoch": 300, "_timestamp": 1702438282.597463, "_runtime": 1412.3045358657837, "_step": 299, "_wandb": {"runtime": 1411}}