{"loss": 1.0943890810012817, "epoch": 300, "_timestamp": 1702436852.2582703, "_runtime": 1453.8262512683868, "_step": 299, "_wandb": {"runtime": 1453}}