{"loss": 0.8304184079170227, "epoch": 300, "_timestamp": 1702432510.717767, "_runtime": 1448.0011150836945, "_step": 299, "_wandb": {"runtime": 1447}}