{"loss": 1.8223159313201904, "epoch": 300, "_timestamp": 1702439748.964421, "_runtime": 1453.6950061321259, "_step": 299, "_wandb": {"runtime": 1453}}